"Name,Unique Identifier"
"Aarav Sharma,A9F3K2X7B1"
"Meera Iyer,M4Q8Z1P6L9"
"Rohan Gupta,R7T2H9V5C3"
"Ananya Das,A1B8M4X7Q2"
"Karan Mehta,K5L9P2Z8T6"
"Priya Nair,P3X7C1V9H5"
"Rahul Verma,R2N8D4Q6J1"
"Sneha Kapoor,S6V1B9K3L7"
"Vikram Singh,V9H2R5T8M1"
"Pooja Sharma,P4Q7L1X9Z3"
"Aditya Jain,A8C3V6N2M9"
"Neha Gupta,N1K7P5B8T4"
"Arjun Singh,A6M2X9Q3L8"
"Kavya Reddy,K3V8T1H7C5"
"Mohit Agarwal,M9B4P2X6N1"
"Isha Patel,I7Q1Z5L8V3"
"Nikhil Joshi,N5T9H2C6X8"
"Divya Mishra,D2L7P4M9Q1"
"Sandeep Yadav,S8X3V1K6T9"
"Ritu Saxena,R1C5H7N2P8"
"Manish Pandey,M6Q9L3X1V7"
"Shreya Banerjee,S4T8P2C6M9"
"Deepak Verma,D9H1X5L7Q3"
"Tanvi Kulkarni,T2V6N8P1K4"
"Harsh Singh,H7M3Q9C2X5"
"Aditi Ghosh,A5P1T6V8N3"
"Sameer Khan,S3X7L2H9M6"
"Pankaj Tripathi,P8C4V1Q7T2"
"Nisha Arora,N2M9X5L1K8"
"Gaurav Tiwari,G6Q3P8H1V7"
"Komal Choudhary,K1T7N4X9C5"
"Yash Patel,Y9V2M6Q8L3"
"Ankita Sharma,A3H8C1P5T7"
"Rajeev Srivastava,R5L2X9N6Q4"
"Sonal Jain,S7M1T8V3P6"
